album_name	album_id	album_release_date	album_type	track_name	track_id	track_duration_ms	track_tempo	track_key	track_mode	track_danceability	track_energy	track_loudness	track_speechiness	track_acousticness	track_instrumentalness	track_liveness	track_valence	track_time_signature
SEP7IMO DIA	0HUncweJW3LTO0YOvOEX4a	2017-03-10	album	En el Séptimo Día (SEP7IMO DIA)	2OYXpaYf86alQxLNsv8zYD	184546	106.047	4	1	0.529	0.935	-5.236	0.0335	0.000514	0.0786	0.0778	0.729	1
SEP7IMO DIA	0HUncweJW3LTO0YOvOEX4a	2017-03-10	album	Cae el Sol / Planta (SEP7IMO DIA)	0tkUZvL9ZbNLnzJ4jHeiOL	320040	117.968	4	0	0.259	0.816	-5.782	0.0366	0.00293	0.0292	0.298	0.359	4
SEP7IMO DIA	0HUncweJW3LTO0YOvOEX4a	2017-03-10	album	Picnic en el 4to B / Te Hacen Falta Vitaminas / Mi Novia Tiene Bíceps (SEP7IMO DIA)	466XGyJj6LHJcpeR3RhhJX	382800	93.683	9	1	0.354	0.953	-4.976	0.112	0.00258	0.00158	0.564	0.657	4
SEP7IMO DIA	0HUncweJW3LTO0YOvOEX4a	2017-03-10	album	Ella Usó, Un Misil (SEP7IMO DIA)	1tgb1PGMFHkMIOuwX7gGKv	89186	86.986	4	1	0.429	0.608	-6.157	0.0331	0.0231	0.000278	0.128	0.298	4
SEP7IMO DIA	0HUncweJW3LTO0YOvOEX4a	2017-03-10	album	Prófugos (SEP7IMO DIA)	70ivSNwJpoFzyU3vomPRYk	265640	127.004	4	0	0.537	0.905	-5.047	0.037	0.000684	0.00183	0.397	0.345	4
SEP7IMO DIA	0HUncweJW3LTO0YOvOEX4a	2017-03-10	album	En Remolinos (SEP7IMO DIA)	3edjkiAggwnau6qjUVbIMh	300373	95.959	4	0	0.375	0.778	-7.928	0.0433	0.00391	0.764	0.184	0.0975	4
SEP7IMO DIA	0HUncweJW3LTO0YOvOEX4a	2017-03-10	album	Planeador (SEP7IMO DIA)	45utWFSZB3s3IZWdx4UHuc	144053	128.797	7	1	0.379	0.453	-8.174	0.0315	0.175	0.785	0.209	0.184	4
SEP7IMO DIA	0HUncweJW3LTO0YOvOEX4a	2017-03-10	album	Persiana Americana (SEP7IMO DIA)	09OiYtiWY76FsodXCJ9Ym9	214706	100.95	4	0	0.572	0.911	-5.156	0.0392	0.000264	0.126	0.0915	0.528	4
SEP7IMO DIA	0HUncweJW3LTO0YOvOEX4a	2017-03-10	album	Signos (SEP7IMO DIA)	02Io6R1p3g7HXae5QoOtxo	280813	125.155	4	0	0.426	0.687	-8.289	0.0393	0.182	0.0992	0.0943	0.23	4
SEP7IMO DIA	0HUncweJW3LTO0YOvOEX4a	2017-03-10	album	Un Millón de Años Luz (SEP7IMO DIA)	1xfLMIPxxnRrAUkJKZxPD6	257266	96.094	4	1	0.474	0.822	-5.229	0.0395	0.00315	0.0183	0.187	0.196	4
SEP7IMO DIA	0HUncweJW3LTO0YOvOEX4a	2017-03-10	album	Intro Luna Roja (SEP7IMO DIA)	0YTM2rY4IAExNO5oH64xKR	123360	77.36	2	1	0.206	0.614	-17.297	0.0524	0.99	0.887	0.571	0.0692	3
SEP7IMO DIA	0HUncweJW3LTO0YOvOEX4a	2017-03-10	album	Luna Roja (SEP7IMO DIA)	1wsDi2GVqi42m0meazoeNg	157226	94.937	9	1	0.442	0.789	-5.58	0.03	1.74e-05	0.0175	0.119	0.198	4
SEP7IMO DIA	0HUncweJW3LTO0YOvOEX4a	2017-03-10	album	Crema de Estrellas (SEP7IMO DIA)	2RZxjJ2Bx3IJjtrsWFFHRH	79466	137.735	9	1	0.449	0.301	-12.877	0.0286	0.602	1.11e-06	0.0932	0.0967	4
SEP7IMO DIA	0HUncweJW3LTO0YOvOEX4a	2017-03-10	album	Cuando Pase el Temblor (SEP7IMO DIA)	6WtvylZrf7yrWowHsmf92l	228066	96.023	0	1	0.619	0.669	-8.181	0.0316	0.0184	0.00027	0.253	0.596	4
SEP7IMO DIA	0HUncweJW3LTO0YOvOEX4a	2017-03-10	album	Hombre al Agua (SEP7IMO DIA)	0oqZnZRnOO2VWi1D1XCbT0	353280	96.964	2	1	0.551	0.666	-7.387	0.0299	0.00496	0.0466	0.148	0.388	4
SEP7IMO DIA	0HUncweJW3LTO0YOvOEX4a	2017-03-10	album	Sueles Dejarme Solo (SEP7IMO DIA)	0FoQu6F6IsBvNovgPYn0xL	59733	73.618	4	0	0.227	0.719	-5.881	0.0348	0.000852	0.895	0.0804	0.115	4
SEP7IMO DIA	0HUncweJW3LTO0YOvOEX4a	2017-03-10	album	En la Ciudad de la Furia (SEP7IMO DIA)	4jwKmJZHwg6ntWwkm9olTz	321066	126.027	11	0	0.539	0.933	-4.815	0.0542	0.00333	0.00307	0.26	0.524	4
SEP7IMO DIA	0HUncweJW3LTO0YOvOEX4a	2017-03-10	album	Efecto Doppler (SEP7IMO DIA)	4FPZCGIAYVJ3fQve5yqRWL	76386	111.023	8	0	0.47	0.567	-10.59	0.0314	0.0426	0.961	0.111	0.694	4
SEP7IMO DIA	0HUncweJW3LTO0YOvOEX4a	2017-03-10	album	Primavera 0 (SEP7IMO DIA)	3YDRIccvxModclwFdQzV7N	294066	135.017	5	1	0.445	0.894	-7.322	0.0676	0.00182	0.439	0.12	0.122	4
SEP7IMO DIA	0HUncweJW3LTO0YOvOEX4a	2017-03-10	album	De Música Ligera (SEP7IMO DIA)	0v1p6H03NUVHhOu3nXD7GC	349026	123.912	2	1	0.581	0.792	-6.462	0.0356	0.00934	0.0251	0.11	0.516	4
SEP7IMO DIA	0HUncweJW3LTO0YOvOEX4a	2017-03-10	album	Terapia de Amor Intensiva (SEP7IMO DIA)	3wy5XqAAA5uEdTjsDuG8GE	214840	90.037	0	1	0.469	0.619	-7.429	0.0289	0.467	0.00591	0.752	0.444	4
Gira Me Verás Volver	4Sy7VzDS4j1MLIYF85grsZ	2008-07-14	album	Juegos De Seducción - Me Verás Volver Gira 2007	4vhG7cFEGcKk3DdT1wKb7P	258880	101.978	1	0	0.359	0.968	-3.862	0.0911	0.000679	0.388	0.956	0.126	4
Gira Me Verás Volver	4Sy7VzDS4j1MLIYF85grsZ	2008-07-14	album	Tele-Ka - Me Verás Volver Gira 2007	3eyrw9O9Syvi3iKF9nmRDX	144880	172.352	2	1	0.428	0.998	-2.755	0.0993	0.00502	0.00222	0.959	0.679	4
Gira Me Verás Volver	4Sy7VzDS4j1MLIYF85grsZ	2008-07-14	album	Imágenes Retro - Me Verás Volver Gira 2007	3ANCmPnNk0WBxNgBrBpLsp	264573	127.294	0	1	0.581	0.921	-4.881	0.0353	0.00113	0.00907	0.275	0.5	4
Gira Me Verás Volver	4Sy7VzDS4j1MLIYF85grsZ	2008-07-14	album	Texturas - Me Verás Volver Gira 2007	3qjVNViLHI0sE7Kjbkgngw	293280	163.377	7	1	0.166	0.937	-4.996	0.0489	6.39e-06	0.349	0.788	0.348	4
Gira Me Verás Volver	4Sy7VzDS4j1MLIYF85grsZ	2008-07-14	album	Hombre Al Agua - Me Verás Volver Gira 2007	3R1ySdkdWc0pBVTtoyU9d5	395373	99.006	2	1	0.518	0.87	-4.304	0.0464	0.00792	0.0116	0.883	0.414	4
Gira Me Verás Volver	4Sy7VzDS4j1MLIYF85grsZ	2008-07-14	album	En la Ciudad de la Furia - En Vivo Me Verás Volver Gira 2007	6jrFTDTF8VWnxuPPRGCf9k	396360	126.028	11	0	0.544	0.895	-6.141	0.0343	0.000729	0.0748	0.411	0.459	4
Gira Me Verás Volver	4Sy7VzDS4j1MLIYF85grsZ	2008-07-14	album	Picnic En El 4º B - Me Verás Volver Gira 2007	61GH5nDlNqP1CbVUCh3J3H	261120	125.999	9	1	0.578	0.88	-4.062	0.0459	0.000839	0.00225	0.983	0.648	4
Gira Me Verás Volver	4Sy7VzDS4j1MLIYF85grsZ	2008-07-14	album	Zoom - Me Verás Volver Gira 2007	2wME1HPxLnQBJAikvZoE7q	197506	96.059	9	1	0.565	0.957	-4.899	0.033	0.00214	0.184	0.856	0.96	4
Gira Me Verás Volver	4Sy7VzDS4j1MLIYF85grsZ	2008-07-14	album	Cuando Pase El Temblor - Me Verás Volver Gira 2007	1IxumOjBoAYUl5c704Dbfw	279226	96.033	0	1	0.619	0.943	-3.64	0.0509	0.00874	0.00776	0.129	0.661	4
Gira Me Verás Volver	4Sy7VzDS4j1MLIYF85grsZ	2008-07-14	album	Final Caja Negra - Me Verás Volver Gira 2007	72G1Ywo0HKm4JaX1PSdQaw	337933	125.972	9	1	0.401	0.932	-4.167	0.0773	7.44e-05	0.0448	1.0	0.219	4
Gira Me Verás Volver	4Sy7VzDS4j1MLIYF85grsZ	2008-07-14	album	Corazón Delator - Me Verás Volver Gira 2007	0bpY2MKjM3ucogpEALJVTW	326053	85.328	3	0	0.537	0.592	-6.516	0.0307	0.00951	0.0132	0.385	0.184	4
Gira Me Verás Volver	4Sy7VzDS4j1MLIYF85grsZ	2008-07-14	album	Signos - Me Verás Volver Gira 2007	0m4N8JnflJSOCGTF3l3eyg	380160	124.858	4	0	0.553	0.79	-8.056	0.041	0.0232	0.0181	0.941	0.345	4
Gira Me Verás Volver	4Sy7VzDS4j1MLIYF85grsZ	2008-07-14	album	Sobredosis de T.V. - Me Verás Volver Gira 2007	12PvDKqAePEUg4E2cKzCwi	316906	125.043	4	1	0.561	0.954	-3.662	0.0697	0.00193	2.4e-05	0.883	0.502	4
Gira Me Verás Volver	4Sy7VzDS4j1MLIYF85grsZ	2008-07-14	album	Danza Rota - Me Verás Volver Gira 2007	2PZaBRrWBhFUij7tvGzZgN	231426	126.002	0	1	0.584	0.969	-2.42	0.0499	0.0125	0.00305	0.979	0.563	4
Gira Me Verás Volver	1cwZmK0zXorTlALtgOajeC	2008-07-14	album	Persiana Americana - Me Verás Volver Gira 2007	3ldFVPFlnrroJonBeWqGJ8	317320	101.022	6	1	0.555	0.97	-3.623	0.0484	0.000711	0.000545	0.974	0.501	4
Gira Me Verás Volver	1cwZmK0zXorTlALtgOajeC	2008-07-14	album	Fue - Me Verás Volver Gira 2007	7ANQlNlXk5O7UB3Rz1uiqK	277666	129.573	4	1	0.339	0.44	-11.933	0.0369	0.514	0.151	0.702	0.12	4
Gira Me Verás Volver	1cwZmK0zXorTlALtgOajeC	2008-07-14	album	En Remolinos - Me Verás Volver Gira 2007	03LtGWQqr9Dx9VfER9Cw1h	271333	102.237	2	1	0.412	0.904	-6.604	0.0484	1.43e-05	0.215	0.421	0.11	4
Gira Me Verás Volver	1cwZmK0zXorTlALtgOajeC	2008-07-14	album	Primavera 0 - Me Verás Volver Gira 2007	4UJ9cBtrP88FzsMiTPl2Qr	238733	146.24	0	1	0.231	0.977	-4.491	0.119	0.00127	0.272	0.921	0.222	4
Gira Me Verás Volver	1cwZmK0zXorTlALtgOajeC	2008-07-14	album	No Existes - Me Verás Volver Gira 2007	34KDAvDiZeCJ5vJzVnAl46	319560	167.084	9	1	0.509	0.852	-3.831	0.0586	5.5e-05	0.00827	0.676	0.169	4
Gira Me Verás Volver	1cwZmK0zXorTlALtgOajeC	2008-07-14	album	Sueles Dejarme Solo - Me Verás Volver Gira 2007	4i3gnxuqstxIUvnIZVDarh	261680	149.833	9	1	0.201	0.903	-3.923	0.0747	0.00103	0.0258	0.984	0.171	4
Gira Me Verás Volver	1cwZmK0zXorTlALtgOajeC	2008-07-14	album	En El Séptimo Dia - Me Verás Volver Gira 2007	6UriR4vBskejDIjl3otfuK	280160	108.039	4	1	0.48	0.952	-5.032	0.0811	9.01e-05	0.000288	0.942	0.662	1
Gira Me Verás Volver	1cwZmK0zXorTlALtgOajeC	2008-07-14	album	Un Millon De Años Luz - Me Verás Volver Gira 2007	7AxqLYUMia5ojanjSN22Wi	410213	97.109	4	1	0.373	0.906	-4.256	0.0317	0.00224	0.0331	0.78	0.48	4
Gira Me Verás Volver	1cwZmK0zXorTlALtgOajeC	2008-07-14	album	De Música Ligera - Me Verás Volver Gira 2007	6Ukx8yQT1o0URlryKL8lAr	221826	130.755	2	1	0.414	0.949	-4.208	0.0714	0.00208	0.032	0.956	0.457	4
Gira Me Verás Volver	1cwZmK0zXorTlALtgOajeC	2008-07-14	album	Zona De Promesas - Me Verás Volver Gira 2007	04JZ1YOZlnU4PTxeoWaU8V	234400	151.974	7	1	0.243	0.476	-8.047	0.0364	0.0772	3.75e-05	0.904	0.0732	3
Gira Me Verás Volver	1cwZmK0zXorTlALtgOajeC	2008-07-14	album	Cae El Sol - Me Verás Volver Gira 2007	48Q0XT3uUTxKAnv4AaMbUl	259440	99.028	4	0	0.547	0.936	-4.277	0.0381	0.00229	0.0186	0.703	0.528	4
Gira Me Verás Volver	1cwZmK0zXorTlALtgOajeC	2008-07-14	album	Prófugos - Me Verás Volver Gira 2007	4iYD0EHN5EmCh75tsXZCoS	349986	126.623	4	0	0.383	0.953	-4.902	0.06	3.86e-05	0.023	0.945	0.277	4
Gira Me Verás Volver	1cwZmK0zXorTlALtgOajeC	2008-07-14	album	Nada Personal - Me Verás Volver Gira 2007	3oyFhpjhF2KiEUKxmuRNfw	372733	122.968	8	0	0.562	0.97	-3.736	0.0545	0.00795	0.0907	0.862	0.549	4
Gira Me Verás Volver	1cwZmK0zXorTlALtgOajeC	2008-07-14	album	Te Hacen Falta Vitaminas - Me Verás Volver Gira 2007	3YqOTz8YqRKfxS64GyGUTB	225120	174.57	2	1	0.277	0.996	-4.228	0.467	0.00813	0.00231	0.963	0.385	4
El Ultimo Concierto B (Remastered)	0k9Oh11PrdeZ6ngoJGhWMk	1997-10-09	album	Disco Eterno - Remasterizado 2007	2dPm7S1Td6MDqpln5lGPiy	456093	149.959	0	1	0.474	0.846	-7.628	0.0381	0.012	0.609	0.989	0.351	4
El Ultimo Concierto B (Remastered)	0k9Oh11PrdeZ6ngoJGhWMk	1997-10-09	album	Planeador - Remasterizado 2007	5zvhnwLoq76ujBmfp5a8a8	265973	129.652	7	1	0.175	0.413	-8.007	0.0343	0.0914	0.552	0.552	0.15	4
El Ultimo Concierto B (Remastered)	0k9Oh11PrdeZ6ngoJGhWMk	1997-10-09	album	Luna Roja - Remasterizado 2007	4gyoEPdpbXdRSzl6pQeauz	336160	92.977	4	1	0.319	0.726	-5.715	0.0338	0.0109	0.222	0.711	0.127	4
El Ultimo Concierto B (Remastered)	0k9Oh11PrdeZ6ngoJGhWMk	1997-10-09	album	Té Para Tres - Remasterizado 2007	6ZmZn3i4Lz8Cm2OM24FK3h	152106	99.767	2	1	0.427	0.303	-11.817	0.0294	0.0471	0.0	0.911	0.231	3
El Ultimo Concierto B (Remastered)	0k9Oh11PrdeZ6ngoJGhWMk	1997-10-09	album	Cuando Pase El Temblor - Remasterizado 2007	79jHbl16mPsCzgozwFw9Dg	294693	94.016	0	1	0.647	0.781	-7.878	0.0324	0.00527	0.00291	0.754	0.379	4
El Ultimo Concierto B (Remastered)	0k9Oh11PrdeZ6ngoJGhWMk	1997-10-09	album	Claroscuro - Remasterizado 2007	3htUSkdYG9RraxQ0CL3nHB	335906	119.883	0	1	0.458	0.948	-7.169	0.128	0.00465	0.73	0.95	0.269	4
El Ultimo Concierto B (Remastered)	0k9Oh11PrdeZ6ngoJGhWMk	1997-10-09	album	Persiana Americana - Remasterizado 2007	6TTs9Wf4dIQdEAkXJFSEcR	280960	100.203	7	1	0.492	0.9	-5.852	0.0371	0.00318	0.136	0.993	0.27	4
El Ultimo Concierto B (Remastered)	0k9Oh11PrdeZ6ngoJGhWMk	1997-10-09	album	Un Millón De Años Luz - Remasterizado 2007	4HYZNYd2EErHLwvCZistk4	359133	95.108	4	1	0.358	0.833	-5.208	0.0353	0.0258	0.319	0.952	0.347	4
El Ultimo Concierto B (Remastered)	0k9Oh11PrdeZ6ngoJGhWMk	1997-10-09	album	Primavera 0 - Remasterizado 2007	68eo7VuKyrbped2IGy3XuB	264200	133.56	5	1	0.208	0.856	-5.708	0.0469	0.000207	0.625	0.871	0.117	4
El Ultimo Concierto B (Remastered)	0k9Oh11PrdeZ6ngoJGhWMk	1997-10-09	album	Cae El Sol - Remasterizado 2007	14qUG8qf2vIpTZDbjG9KxN	291573	97.878	7	1	0.208	0.763	-6.409	0.0425	0.000513	0.00804	0.693	0.188	4
El Ultimo Concierto B (Remastered)	0k9Oh11PrdeZ6ngoJGhWMk	1997-10-09	album	De Música Ligera - Remasterizado 2007	3lWvP5u93wOdPlqIydFW7g	291373	124.189	2	1	0.252	0.889	-5.743	0.183	0.0392	0.089	0.723	0.204	4
El Ultimo Concierto A (Remastered)	3QTxxZucih0hympCczXXuO	1997-10-09	album	En La Ciudad De La Furia - Remasterizado 2007	5HmDTAedbpgzSkyU7CuVzE	397826	122.075	11	0	0.496	0.909	-6.165	0.0461	0.0032	0.0746	0.988	0.54	4
El Ultimo Concierto A (Remastered)	3QTxxZucih0hympCczXXuO	1997-10-09	album	El Rito - Remasterizado 2007	0es33Xx9LmJoIPwlezBCmJ	424906	117.312	0	1	0.491	0.808	-6.275	0.0367	0.0269	0.0014	0.95	0.335	4
El Ultimo Concierto A (Remastered)	3QTxxZucih0hympCczXXuO	1997-10-09	album	Hombre Al Agua - Remasterizado 2007	22RKxY3GXYzNiJu36nFueQ	389426	96.986	4	0	0.488	0.667	-7.051	0.0285	0.0134	0.095	0.918	0.331	4
El Ultimo Concierto A (Remastered)	3QTxxZucih0hympCczXXuO	1997-10-09	album	En El Séptimo Día - Remasterizado 2007	6wo8yue6rY0pY2zmztMMCj	297440	107.314	4	1	0.483	0.848	-6.17	0.033	1.48e-05	0.0248	0.985	0.612	1
El Ultimo Concierto A (Remastered)	3QTxxZucih0hympCczXXuO	1997-10-09	album	Canción Animal - Remasterizado 2007	7KCTbCIcb2acPttGcCkKbe	257800	105.086	4	0	0.573	0.779	-6.683	0.0266	0.0206	0.0552	0.947	0.669	4
El Ultimo Concierto A (Remastered)	3QTxxZucih0hympCczXXuO	1997-10-09	album	Trátame Suavemente - Remasterizado 2007	2LxyITcslKIKdMyYdHdA5l	244200	104.523	7	1	0.47	0.576	-8.687	0.0289	0.181	0.299	0.744	0.0878	4
El Ultimo Concierto A (Remastered)	3QTxxZucih0hympCczXXuO	1997-10-09	album	Paseando Por Roma - Remasterizado 2007	0zp92Miwhh5vO3B3dhxrxI	223066	127.879	9	0	0.459	0.793	-6.79	0.0407	0.00011	0.152	0.701	0.336	4
El Ultimo Concierto A (Remastered)	3QTxxZucih0hympCczXXuO	1997-10-09	album	Lo Que Sangra (La Cúpula) - Remasterizado 2007	67XS7eWumbLVktm0QSkks4	316826	102.931	0	1	0.381	0.87	-5.804	0.042	0.0302	0.00973	0.818	0.634	4
El Ultimo Concierto A (Remastered)	3QTxxZucih0hympCczXXuO	1997-10-09	album	Zoom - Remasterizado 2007	1hQ02BkTnR0BNs3SAznttM	214666	94.261	4	1	0.631	0.871	-7.161	0.0344	0.0452	0.00952	0.966	0.855	4
El Ultimo Concierto A (Remastered)	3QTxxZucih0hympCczXXuO	1997-10-09	album	Signos - Remasterizada 2007	62jnuBopQmg4qx6hpYltC9	271400	122.701	9	0	0.518	0.712	-9.269	0.0297	0.143	0.0629	0.612	0.509	4
El Ultimo Concierto A (Remastered)	3QTxxZucih0hympCczXXuO	1997-10-09	album	Ella Usó Mi Cabeza Como Un Revólver - Remasterizado 2007	6M33ukGn1XGp1Lv5FhbcZy	278666	82.711	5	1	0.477	0.723	-5.93	0.0259	0.0111	0.00972	0.919	0.27	4
Comfort Y Musica Para Volar	5RJLKN7ucuVaRAUzNKtKB8	1996-09-01	album	En la Ciudad de la Furia - MTV Unplugged	2p4FOWHHd2A6TBmTkdt1G0	522000	170.604	11	0	0.361	0.519	-10.02	0.0597	0.415	0.057	0.845	0.266	4
Comfort Y Musica Para Volar	5RJLKN7ucuVaRAUzNKtKB8	1996-09-01	album	Un Misil En Mi Placard - MTV Unplugged	7IJC1qatyg2t8SZiwJRvID	274586	95.964	11	0	0.502	0.782	-7.707	0.0243	0.00223	0.00108	0.907	0.613	4
Comfort Y Musica Para Volar	5RJLKN7ucuVaRAUzNKtKB8	1996-09-01	album	Pasos - MTV Unplugged	4Tm0tTVcYTyn5lD7qEJkVU	163133	90.69	5	1	0.471	0.657	-7.579	0.0301	0.0674	5.15e-05	0.682	0.383	4
Comfort Y Musica Para Volar	5RJLKN7ucuVaRAUzNKtKB8	1996-09-01	album	Entre Canibales - MTV Unplugged	060aWWmC9CrLqbhzHQifQf	294146	110.927	4	0	0.635	0.677	-7.149	0.0278	0.018	0.0154	0.946	0.536	4
Comfort Y Musica Para Volar	5RJLKN7ucuVaRAUzNKtKB8	1996-09-01	album	Te Para 3 - MTV Unplugged	2kMVxFh1y5gow2hBtqGO4m	247000	115.7	2	1	0.523	0.339	-9.913	0.0275	0.707	0.0111	0.709	0.117	3
Comfort Y Musica Para Volar	5RJLKN7ucuVaRAUzNKtKB8	1996-09-01	album	Angel Electrico - MTV Unplugged	7H8TNV5Vc6poupuNxaE6KG	285280	91.877	0	1	0.428	0.764	-8.512	0.0436	0.112	0.0296	0.73	0.447	4
Comfort Y Musica Para Volar	5RJLKN7ucuVaRAUzNKtKB8	1996-09-01	album	Ella Uso Mi Cabeza Como Un Revolver - MTV Unplugged	00TU7szqwBrxWTd9SO7ihK	364493	82.858	0	0	0.396	0.764	-7.348	0.0342	0.00284	0.0128	0.708	0.236	4
Comfort Y Musica Para Volar	5RJLKN7ucuVaRAUzNKtKB8	1996-09-01	album	Sonoman (Banda De Sonido)	3KNdFPnW6CcRJOo7ONL2mg	205466	96.609	4	0	0.548	0.84	-10.266	0.0523	0.000295	0.616	0.538	0.0879	4
Comfort Y Musica Para Volar	5RJLKN7ucuVaRAUzNKtKB8	1996-09-01	album	Planeador	1css4Yf4FaorSKniMFMdJw	275173	122.099	7	1	0.186	0.428	-11.528	0.0384	0.0206	0.752	0.297	0.117	4
Comfort Y Musica Para Volar	5RJLKN7ucuVaRAUzNKtKB8	1996-09-01	album	Coral	13fEiuZo5A4aiPNRds3OpM	222133	88.452	6	0	0.511	0.574	-9.888	0.0317	0.0224	0.0103	0.0819	0.262	4
Comfort Y Musica Para Volar	5RJLKN7ucuVaRAUzNKtKB8	1996-09-01	album	Superstar	6PudNM0mVIi3ipGCSUW8gu	248333	120.104	0	1	0.555	0.692	-9.717	0.0299	1.58e-05	0.506	0.2	0.551	1
Sueño Stereo (Remastered)	1A3VRbn7Kto2ov0LkSY0eg	1995-10-09	album	Ella Usó Mi Cabeza Como Un Revólver - Remasterizado 2007	5RzXSxR7BUhEtpqh77lMbR	269760	165.415	2	0	0.374	0.759	-6.871	0.0261	0.00371	0.0174	0.104	0.289	4
Sueño Stereo (Remastered)	1A3VRbn7Kto2ov0LkSY0eg	1995-10-09	album	Disco Eterno - Remasterizado 2007	1MgAlKWp9ntSF5DRG6vKYl	346026	150.076	0	1	0.549	0.795	-7.169	0.0268	0.00224	0.188	0.293	0.573	4
Sueño Stereo (Remastered)	1A3VRbn7Kto2ov0LkSY0eg	1995-10-09	album	Zoom - Remasterizado 2007	1djou52IdL1mVEE7gTauxo	206306	93.923	4	1	0.693	0.823	-6.433	0.0292	0.0759	0.185	0.0574	0.949	4
Sueño Stereo (Remastered)	1A3VRbn7Kto2ov0LkSY0eg	1995-10-09	album	Ojo De La Tormenta - Remasterizado 2007	5Q943XYZo0Xvq4qUQebmWC	273160	95.009	9	1	0.539	0.833	-6.527	0.0262	0.000419	0.307	0.319	0.522	4
Sueño Stereo (Remastered)	1A3VRbn7Kto2ov0LkSY0eg	1995-10-09	album	Efecto Doppler - Remasterizado 2007	78fEwrT5UGW1CZfFnEqmUk	302800	110.892	11	1	0.545	0.664	-10.704	0.033	0.0382	0.691	0.201	0.496	4
Sueño Stereo (Remastered)	1A3VRbn7Kto2ov0LkSY0eg	1995-10-09	album	Paseando Por Roma - Remasterizado 2007	7Dk43uYcLammTOb4kS7Q9g	214186	127.746	9	0	0.515	0.734	-5.547	0.0357	0.000928	0.0461	0.09	0.454	4
Sueño Stereo (Remastered)	1A3VRbn7Kto2ov0LkSY0eg	1995-10-09	album	Pasos - Remasterizado 2007	7KMxBakqV7SKVrS6qDv2yq	233706	88.906	5	1	0.469	0.581	-10.358	0.0341	0.0626	0.0497	0.102	0.356	4
Sueño Stereo (Remastered)	1A3VRbn7Kto2ov0LkSY0eg	1995-10-09	album	Angel Eléctrico - Remasterizado 2007	40DSOFzJigXSQZkSOM32rs	276226	171.094	9	0	0.321	0.694	-7.034	0.0323	0.000945	0.325	0.11	0.154	4
Sueño Stereo (Remastered)	1A3VRbn7Kto2ov0LkSY0eg	1995-10-09	album	Crema De Estrellas - Remasterizado 2007	7KdHxPQklzjdmiaORyNQGb	277120	137.46	3	1	0.531	0.372	-11.834	0.0254	0.2	0.00159	0.345	0.0874	4
Sueño Stereo (Remastered)	1A3VRbn7Kto2ov0LkSY0eg	1995-10-09	album	Planta - Remasterizado 2007	2Qmv6bDN1yazfH5OrhSlI9	292573	119.068	4	0	0.365	0.474	-7.522	0.0315	0.0209	0.402	0.109	0.042	4
Sueño Stereo (Remastered)	1A3VRbn7Kto2ov0LkSY0eg	1995-10-09	album	X Playo - Remasterizado 2007	743BAjD2J8pskuff8fP3Vx	247826	193.834	7	1	0.802	0.563	-10.719	0.146	0.919	0.874	0.121	0.149	4
Sueño Stereo (Remastered)	1A3VRbn7Kto2ov0LkSY0eg	1995-10-09	album	Moirè - Remasterizado 2007	0DrAH8PKnAIbFqAfnMlpzG	242373	106.326	11	0	0.41	0.358	-14.454	0.102	0.667	0.9	0.102	0.146	4
Dynamo (Remastered)	4bfwXuecOmNVlPM5RStAiQ	1992-10-09	album	Secuencia Inicial - Remasterizado 2007	2fbNuOkVZWhccPEqnuxXvk	206426	132.946	4	0	0.46	0.899	-6.866	0.0464	9.24e-05	0.191	0.412	0.26	4
Dynamo (Remastered)	4bfwXuecOmNVlPM5RStAiQ	1992-10-09	album	Toma La Ruta - Remasterizado 2007	32KM3MHHkTZiyz5313CLKH	269146	115.967	4	0	0.446	0.909	-7.154	0.0641	3.42e-06	0.729	0.387	0.362	4
Dynamo (Remastered)	4bfwXuecOmNVlPM5RStAiQ	1992-10-09	album	En Remolinos - Remasterizado 2007	79Q5YxAu9UhTGtG70k9sIR	277186	95.923	4	0	0.361	0.843	-7.317	0.0463	4.33e-05	0.732	0.102	0.0865	4
Dynamo (Remastered)	4bfwXuecOmNVlPM5RStAiQ	1992-10-09	album	Primavera 0 - Remasterizado 2007	2V4aobDkpJD7e36J8xPCL6	221440	134.023	5	1	0.385	0.759	-6.72	0.0436	0.00111	0.0448	0.0941	0.142	4
Dynamo (Remastered)	4bfwXuecOmNVlPM5RStAiQ	1992-10-09	album	Camaleón - Remasterizado 2007	4ddGbSuvryKgVIIBjBqGHo	281480	195.93	8	1	0.374	0.92	-7.561	0.0478	8.92e-05	0.491	0.0864	0.55	4
Dynamo (Remastered)	4bfwXuecOmNVlPM5RStAiQ	1992-10-09	album	Luna Roja - Remasterizado 2007	0MHENKo7srNABaALyzrYlX	330600	94.079	9	1	0.331	0.543	-8.584	0.0328	1.21e-05	0.533	0.0836	0.0815	4
Dynamo (Remastered)	4bfwXuecOmNVlPM5RStAiQ	1992-10-09	album	Sweet Sahumerio - Remasterizado 2007	0GcU3ZhlnF5k3vKjqPRifa	363360	113.966	7	1	0.634	0.665	-12.186	0.0363	0.00119	0.579	0.148	0.206	4
Dynamo (Remastered)	4bfwXuecOmNVlPM5RStAiQ	1992-10-09	album	Ameba - Remasterizado 2007	1ErS8Tahdp0bOUH7SBM4jo	256665	101.961	7	0	0.438	0.778	-7.271	0.0355	2.1e-05	0.00321	0.411	0.531	4
Dynamo (Remastered)	4bfwXuecOmNVlPM5RStAiQ	1992-10-09	album	Nuestra Fe - Remasterizado 2007	6c8DcjaMvJJFxygPtJdp51	396546	100.004	5	0	0.486	0.868	-8.266	0.0379	0.000207	0.437	0.153	0.485	4
Dynamo (Remastered)	4bfwXuecOmNVlPM5RStAiQ	1992-10-09	album	Claroscuro - Remasterizado 2007	7JKYhH7ptVeyErBUbvUpZF	244560	115.965	7	1	0.574	0.738	-8.756	0.0434	0.0002	0.834	0.176	0.194	4
Dynamo (Remastered)	4bfwXuecOmNVlPM5RStAiQ	1992-10-09	album	Fue - Remasterizado 2007	71ymTqjg6wUvgNksseSgbC	232933	128.496	6	0	0.44	0.351	-11.76	0.0278	0.0332	0.0312	0.114	0.0845	4
Dynamo (Remastered)	4bfwXuecOmNVlPM5RStAiQ	1992-10-09	album	Texturas - Remasterizado 2007	3ZOEoS6TEyA4cKhtMMNxC0	283906	152.154	2	1	0.269	0.547	-6.961	0.0429	4.76e-06	0.576	0.116	0.504	4
Rex Mix (Remastered)	1OPsfxGYBniKd1qWi05f2K	1991-10-09	album	Hombre Al Agua - Remasterizado 2007	3N6ayQOyoxKgmNgKAbaqYe	395986	96.965	11	0	0.509	0.857	-5.306	0.029	0.0149	0.0554	0.0693	0.351	4
Rex Mix (Remastered)	1OPsfxGYBniKd1qWi05f2K	1991-10-09	album	No Existes - Remasterizado 2007	6WP7znyQ2iHAryKIK6c4jo	267853	77.809	7	0	0.238	0.862	-4.766	0.0537	0.000845	0.00186	0.526	0.168	4
Rex Mix (Remastered)	1OPsfxGYBniKd1qWi05f2K	1991-10-09	album	En Camino - Viva La Patria Mix - Remasterizado 2007	4w6H3Lp3OXZzuaX0ErmDFj	362973	94.998	9	1	0.592	0.944	-5.722	0.0636	0.00787	0.0372	0.703	0.832	4
Rex Mix (Remastered)	1OPsfxGYBniKd1qWi05f2K	1991-10-09	album	No Necesito Verte (Para Saberlo) - Remasterizado 2007	3xIGjSRcYGMNUuaawoAwKB	374573	94.728	10	0	0.647	0.814	-6.924	0.0389	0.000682	0.755	0.0845	0.787	4
Rex Mix (Remastered)	1OPsfxGYBniKd1qWi05f2K	1991-10-09	album	No Necesito Verte (Para Saberlo) - Krupa Mix - Remasterizado 2007	0p7QgMQFWJtOolnT931643	322440	94.727	5	0	0.652	0.92	-5.981	0.0582	0.00865	0.514	0.0859	0.582	4
Rex Mix (Remastered)	1OPsfxGYBniKd1qWi05f2K	1991-10-09	album	En Camino- Veranek Mix - Remasterizado 2007	1DpNSeT4qyLbTaO57yy7Zy	391120	95.059	2	1	0.696	0.965	-8.079	0.0493	0.0213	0.146	0.386	0.446	4
Rex Mix (Remastered)	1OPsfxGYBniKd1qWi05f2K	1991-10-09	album	No Necesito Verte (Para Saberlo)-Candombe Mix - Remasterizado 2007	5eQyg5gj0K5FXNL9Ij615e	329240	94.744	8	1	0.722	0.712	-9.183	0.0464	0.00248	0.186	0.0515	0.731	4
Canción Animal (Remastered)	3GoSlKTNcVOp1ZxE5OOXeN	1990-10-09	album	(En) El Séptimo Día - Remasterizado 2007	4xVZmLJtBTedcXbDB3qYdX	263280	106.191	4	1	0.582	0.864	-6.356	0.026	0.0018	0.000578	0.17	0.89	1
Canción Animal (Remastered)	3GoSlKTNcVOp1ZxE5OOXeN	1990-10-09	album	Un Millón De Años Luz - Remasterizado 2007	0nJrTGcXdJWkKz02UMQdzO	304053	95.215	4	1	0.531	0.751	-7.566	0.0251	0.0122	0.00396	0.396	0.53	4
Canción Animal (Remastered)	3GoSlKTNcVOp1ZxE5OOXeN	1990-10-09	album	Canción Animal - Remasterizado 2007	6PqMi24DPibrFj9Ioc4hKL	247453	105.119	4	0	0.635	0.789	-6.815	0.0244	0.000848	0.00348	0.331	0.716	4
Canción Animal (Remastered)	3GoSlKTNcVOp1ZxE5OOXeN	1990-10-09	album	1990 (Mil Nueve Noventa) - Remasterizado 2007	5U3z76HVF4JZ5cc7Xaem5v	218746	95.112	0	1	0.548	0.727	-7.68	0.0286	0.0112	0.00687	0.174	0.744	4
Canción Animal (Remastered)	3GoSlKTNcVOp1ZxE5OOXeN	1990-10-09	album	Sueles Dejarme Solo - Remasterizado 2007	51M33m6vHnkJ9SJPES3Lu4	226920	153.638	9	1	0.409	0.71	-6.686	0.0293	0.000293	0.51	0.0827	0.274	4
Canción Animal (Remastered)	3GoSlKTNcVOp1ZxE5OOXeN	1990-10-09	album	De Música Ligera - Remasterizado 2007	2lpIh6Gr6HYjg1CFBaucS5	212746	124.24	2	1	0.537	0.748	-6.392	0.0282	0.000633	0.557	0.272	0.78	4
Canción Animal (Remastered)	3GoSlKTNcVOp1ZxE5OOXeN	1990-10-09	album	Hombre Al Agua - Remasterizado 2007	5X1QC3aBZxtICZvNg5yrsf	355066	97.113	7	1	0.603	0.657	-7.938	0.0265	0.00916	0.0167	0.0704	0.623	4
Canción Animal (Remastered)	3GoSlKTNcVOp1ZxE5OOXeN	1990-10-09	album	Entre Caníbales - Remasterizado 2007	0ePI3CMwhjRV3ZWas3gTU9	246693	112.318	7	1	0.551	0.608	-10.231	0.0277	0.00559	0.0143	0.137	0.604	4
Canción Animal (Remastered)	3GoSlKTNcVOp1ZxE5OOXeN	1990-10-09	album	Té Para 3 - Remasterizado 2007	2ZWkWB5ZC9BOuPkVuLZs8p	145493	116.638	2	1	0.595	0.238	-12.862	0.0322	0.419	2.71e-05	0.153	0.328	3
Canción Animal (Remastered)	3GoSlKTNcVOp1ZxE5OOXeN	1990-10-09	album	Cae El Sol - Remasterizado 2007	5sUe0Kil6bGZxNE7slwp64	262746	94.147	2	1	0.543	0.829	-6.823	0.0339	0.0149	0.06	0.552	0.28	4
Doble Vida (Remastered)	0mEY1U7SZdIwDWylFm2UC4	1988-10-09	album	Pic Nic En El 4° B - Remasterizado 2007	1tooZ43bHR3bSVIDNwEZRM	220240	123.824	9	1	0.668	0.885	-4.83	0.0284	0.0147	0.37	0.131	0.932	4
Doble Vida (Remastered)	0mEY1U7SZdIwDWylFm2UC4	1988-10-09	album	En La Ciudad De La Furia - Remasterizado 2007	7J2885UBOaG6x3LLkp2YGf	346053	126.506	2	1	0.611	0.803	-6.022	0.0278	0.0823	0.855	0.0942	0.715	4
Doble Vida (Remastered)	0mEY1U7SZdIwDWylFm2UC4	1988-10-09	album	Lo Que Sangra (La Cúpula) - Remasterizado 2007	1Ssg0m4YjM10XVTXlblIg0	273933	101.305	0	1	0.533	0.892	-4.774	0.0388	0.0327	0.00029	0.3	0.917	4
Doble Vida (Remastered)	0mEY1U7SZdIwDWylFm2UC4	1988-10-09	album	En El Borde - Remasterizado 2007	4WOWzyHpoGvlve7qOQiXHf	282480	95.309	4	0	0.624	0.976	-5.513	0.106	0.248	0.00209	0.247	0.313	4
Doble Vida (Remastered)	0mEY1U7SZdIwDWylFm2UC4	1988-10-09	album	Languis - Remasterizado 2007	18D08bgPEem469x1bjxIXM	234040	120.144	6	0	0.661	0.895	-5.385	0.0369	0.16	0.0851	0.0945	0.854	4
Doble Vida (Remastered)	0mEY1U7SZdIwDWylFm2UC4	1988-10-09	album	Día Común- Doble Vida - Remasterizado 2007	5l94juvdzuSf1TduncAyHJ	279280	117.199	5	1	0.679	0.956	-4.024	0.0675	0.0532	0.000521	0.184	0.574	4
Doble Vida (Remastered)	0mEY1U7SZdIwDWylFm2UC4	1988-10-09	album	Corazón Delator - Remasterizado 2007	2zaZ81JI8KbYaL7210BB0U	312840	85.317	4	0	0.565	0.632	-6.994	0.0274	0.0643	0.221	0.397	0.355	4
Doble Vida (Remastered)	0mEY1U7SZdIwDWylFm2UC4	1988-10-09	album	El Ritmo De Tus Ojos - Remasterizado 2007	15W8Q7ZA88u4eQf5JMDaj7	237200	107.314	2	1	0.714	0.942	-5.013	0.039	0.0873	0.00415	0.122	0.709	4
Doble Vida (Remastered)	0mEY1U7SZdIwDWylFm2UC4	1988-10-09	album	Terapia De Amor Intensiva - Remasterizado 2007	57CH3KwRsQkbJH8VSDdKeI	340213	91.294	7	1	0.593	0.672	-7.417	0.0256	0.251	0.418	0.555	0.64	4
Zona de Promesas (Mixes 1984 - 1993)	6Vxa62nfEzoFx8kc8lhpj1	1988	album	Zona de Promesas	2eMG1aKT3wdJCipU61hhgY	239266	75.655	7	1	0.105	0.332	-10.747	0.0348	0.0151	0.683	0.149	0.0704	3
Zona de Promesas (Mixes 1984 - 1993)	6Vxa62nfEzoFx8kc8lhpj1	1988	album	Primavera 0 (Bonzo Mix)	3D1NIw7BBQGb5znWR0SUNE	231240	134.031	8	1	0.513	0.804	-10.861	0.0466	0.00124	0.123	0.123	0.0548	4
Zona de Promesas (Mixes 1984 - 1993)	6Vxa62nfEzoFx8kc8lhpj1	1988	album	En la Ciudad de la Furia (Dance Mix)	2xL4rLye3r6mfa2DZhUTV9	414133	126.219	4	0	0.594	0.856	-10.816	0.0362	0.000536	0.0261	0.128	0.227	4
Zona de Promesas (Mixes 1984 - 1993)	6Vxa62nfEzoFx8kc8lhpj1	1988	album	Nada Personal (Remix)	2llk0beymMgQa17C5vRIw7	412133	123.719	8	0	0.643	0.915	-8.525	0.0466	0.125	0.19	0.548	0.26	4
Zona de Promesas (Mixes 1984 - 1993)	6Vxa62nfEzoFx8kc8lhpj1	1988	album	Luna Roja (Soul Mix)	0ESGsnPsP06YDfKBWh2zpp	467973	89.227	11	0	0.282	0.547	-15.702	0.0562	0.553	0.821	0.145	0.148	4
Zona de Promesas (Mixes 1984 - 1993)	6Vxa62nfEzoFx8kc8lhpj1	1988	album	Cuando Pase el Temblor (Dance Mix)	1iYplwdkAg2yEpslBnunus	321173	96.039	0	1	0.797	0.689	-10.104	0.0322	0.186	4.92e-05	0.145	0.473	4
Zona de Promesas (Mixes 1984 - 1993)	6Vxa62nfEzoFx8kc8lhpj1	1988	album	Mundo de Quimeras	6Ez3tbJdqr1veRCzntHu42	401066	115.855	7	0	0.663	0.83	-9.349	0.0481	0.0525	0.464	0.135	0.675	4
Zona de Promesas (Mixes 1984 - 1993)	6Vxa62nfEzoFx8kc8lhpj1	1988	album	No Necesito Verte (Para Saberlo) [Krupa Mix]	70d8LfiFSIMeRxDtz7nHIk	322600	94.723	5	0	0.627	0.843	-10.665	0.0557	0.00748	0.394	0.223	0.562	4
Zona de Promesas (Mixes 1984 - 1993)	6Vxa62nfEzoFx8kc8lhpj1	1988	album	Sobredosis de TV (Remix)	5P0gz9cVj9g7k1JsCBdv0d	382706	122.63	9	1	0.567	0.669	-9.033	0.0433	0.074	2.85e-05	0.0683	0.71	4
Zona de Promesas (Mixes 1984 - 1993)	6Vxa62nfEzoFx8kc8lhpj1	1988	album	Lo Que Sangra (La Cúpula) [Remix]	2ohzxsnmok1ifEdchcIv2Z	369266	101.597	7	1	0.649	0.912	-9.89	0.055	0.0558	0.296	0.23	0.561	4
Ruido Blanco (Remastered)	6cu5hIiTmKPL61p8nhpXp6	1987-10-09	album	Signos - Remasterizado 2007	3uVCGFrljwSIhWhQDtcTNK	380373	125.864	7	1	0.584	0.858	-7.173	0.035	0.211	0.0396	0.71	0.163	4
Ruido Blanco (Remastered)	6cu5hIiTmKPL61p8nhpXp6	1987-10-09	album	Juegos De Seducción - Remasterizado 2007	3ZOjLk7D5JTufsVppi3uNN	254640	79.296	11	1	0.252	0.937	-4.69	0.149	0.0291	0.433	0.978	0.217	3
Ruido Blanco (Remastered)	6cu5hIiTmKPL61p8nhpXp6	1987-10-09	album	Persiana Americana - Remasterizado 2007	3nGXSPgVTtH5GJfy5WFGsT	343146	104.63	4	0	0.529	0.943	-5.991	0.044	0.0203	0.0666	0.739	0.201	4
Ruido Blanco (Remastered)	6cu5hIiTmKPL61p8nhpXp6	1987-10-09	album	Sobredosis De T.V. - Remasterizado 2007	20KtOkqZHk1k8XUGR4botd	339506	125.916	1	0	0.501	0.973	-4.18	0.112	0.134	0.00253	0.971	0.263	4
Ruido Blanco (Remastered)	6cu5hIiTmKPL61p8nhpXp6	1987-10-09	album	Estoy Azulado - Remasterizado 2007	5mfs9IFcSyLmytWEfzsYTy	259053	133.441	0	1	0.572	0.976	-4.71	0.076	0.0728	0.238	0.98	0.462	4
Ruido Blanco (Remastered)	6cu5hIiTmKPL61p8nhpXp6	1987-10-09	album	Final Caja Negra - Remasterizado 2007	6orWdjWmkkKQIqUdgCmx9P	338533	131.537	6	0	0.485	0.916	-6.776	0.0607	0.000537	0.525	0.983	0.286	4
Ruido Blanco (Remastered)	6cu5hIiTmKPL61p8nhpXp6	1987-10-09	album	Cuando Pase El Temblor - Remasterizado 2007	1WyxLc6VQodkrzy79DClIV	295893	99.146	0	1	0.592	0.922	-8.211	0.032	0.00808	0.00167	0.899	0.346	4
Ruido Blanco (Remastered)	6cu5hIiTmKPL61p8nhpXp6	1987-10-09	album	Vita-Set - Remasterizado 2007	3gMSrAoq11yx5JdrMmereP	266826	178.936	11	0	0.271	0.978	-4.654	0.178	0.0893	0.588	0.96	0.474	4
Ruido Blanco (Remastered)	6cu5hIiTmKPL61p8nhpXp6	1987-10-09	album	Prófugos - Remasterizado 2007	1HeIsyeHKfuaWYwOj2GSxT	364506	132.687	4	0	0.451	0.949	-6.259	0.0797	0.014	0.0813	0.979	0.36	4
Signos (Remastered)	7s2lDvm4FwnWE5RXEoY8Gi	1986-10-09	album	Sin Sobresaltos - Remasterizado 2007	5IZdOXe9NrUJWjwSJo5Akw	262360	137.458	9	1	0.443	0.858	-3.625	0.0321	0.0063	0.0	0.382	0.655	4
Signos (Remastered)	7s2lDvm4FwnWE5RXEoY8Gi	1986-10-09	album	El Rito - Remasterizado 2007	61Hl37BKbYcSelJ3Sd8oU0	366266	119.223	7	1	0.677	0.792	-6.089	0.0287	0.0201	0.0397	0.107	0.55	4
Signos (Remastered)	7s2lDvm4FwnWE5RXEoY8Gi	1986-10-09	album	Prófugos - Remasterizado 2007	1Tja3miBbbENpqIOAqGWXa	317613	127.221	4	0	0.551	0.895	-4.267	0.0391	0.00268	0.0402	0.299	0.359	4
Signos (Remastered)	7s2lDvm4FwnWE5RXEoY8Gi	1986-10-09	album	No Existes - Remasterizado 2007	6MIDQPurdLJgq5Tg6wM6xy	283613	79.648	10	1	0.23	0.863	-5.213	0.0854	0.009	0.000682	0.219	0.432	4
Signos (Remastered)	7s2lDvm4FwnWE5RXEoY8Gi	1986-10-09	album	Persiana Americana - Remasterizado 2007	71awpJoi5bqGMBrTkHDDoL	292266	101.208	4	0	0.603	0.929	-4.549	0.0407	0.0121	0.00217	0.131	0.537	4
Signos (Remastered)	7s2lDvm4FwnWE5RXEoY8Gi	1986-10-09	album	En Camino - Remasterizado 2007	4EO3RjlXJbTUQdDnRGlcGa	269720	130.501	9	1	0.566	0.829	-6.327	0.0448	0.0259	3.42e-05	0.102	0.624	4
Signos (Remastered)	7s2lDvm4FwnWE5RXEoY8Gi	1986-10-09	album	Signos - Remasterizado 2007	09L0jTQCVyvR07arr9Gn6u	315346	125.008	9	0	0.633	0.647	-8.658	0.0333	0.402	0.0365	0.101	0.492	4
Signos (Remastered)	7s2lDvm4FwnWE5RXEoY8Gi	1986-10-09	album	Final Caja Negra - Remasterizado 2007	1FQqxHIo41JUgeSbQNtIMt	343800	122.474	6	0	0.555	0.888	-5.431	0.056	0.00332	0.0496	0.339	0.631	4
Nada Personal (Remastered)	0hyq754QnaKHYpH32QnWqs	1985-10-09	album	Nada Personal - Remasterizado 2007	4PBou1i63krEp3jKCPhxVD	292573	124.398	8	0	0.762	0.939	-4.826	0.0487	0.423	0.139	0.119	0.448	4
Nada Personal (Remastered)	0hyq754QnaKHYpH32QnWqs	1985-10-09	album	Si No Fuera Por... - Remasterizado 2007	5fu5vl7owT5ny0ry2Bema2	207640	172.275	0	1	0.605	0.855	-5.25	0.047	0.0183	0.00404	0.242	0.694	4
Nada Personal (Remastered)	0hyq754QnaKHYpH32QnWqs	1985-10-09	album	Cuando Pase El Temblor - Remasterizado 2007	3uMYq07Kj5m564OQwdSCrD	229160	94.089	0	1	0.652	0.607	-8.657	0.0368	0.0314	0.00285	0.0721	0.72	4
Nada Personal (Remastered)	0hyq754QnaKHYpH32QnWqs	1985-10-09	album	Danza Rota - Remasterizado 2007	6WB3ovHYXvhXfXQnAeE5qj	211666	127.639	0	1	0.728	0.891	-4.839	0.0564	0.1	0.00057	0.0637	0.628	4
Nada Personal (Remastered)	0hyq754QnaKHYpH32QnWqs	1985-10-09	album	El Cuerpo Del Delito - Remasterizado 2007	56IhGBCFIRw9reDg2NTZSz	226653	134.065	11	0	0.769	0.888	-5.057	0.0485	0.54	0.000218	0.0771	0.949	4
Nada Personal (Remastered)	0hyq754QnaKHYpH32QnWqs	1985-10-09	album	Juegos De Seducción - Remasterizado 2007	39YibHWQJLIgjQ0xWKlq6t	198106	100.934	11	1	0.61	0.893	-4.589	0.0466	0.0993	0.0224	0.0929	0.572	4
Nada Personal (Remastered)	0hyq754QnaKHYpH32QnWqs	1985-10-09	album	Estoy Azulado - Remasterizado 2007	6ogBARwwlfsmmgyxWeEzQF	317013	130.154	0	1	0.655	0.843	-6.519	0.0959	0.3	0.116	0.0954	0.211	4
Nada Personal (Remastered)	0hyq754QnaKHYpH32QnWqs	1985-10-09	album	Observándonos (Satélites) - Remasterizado 2007	2M1EWNXyKRnWHuoU2hk7Rq	186880	137.887	9	1	0.618	0.898	-4.289	0.0408	0.284	0.000317	0.148	0.712	4
Nada Personal (Remastered)	0hyq754QnaKHYpH32QnWqs	1985-10-09	album	Imágenes Retro - Remasterizado 2007	3bZjHYomeILmtQElz5VNqp	229813	127.178	7	1	0.67	0.932	-4.395	0.0428	0.0814	0.00131	0.18	0.69	4
Nada Personal (Remastered)	0hyq754QnaKHYpH32QnWqs	1985-10-09	album	Ecos - Remasterizado 2007	1Dti4H4XC1IetaCDpI8MU0	297733	139.921	0	1	0.641	0.751	-6.939	0.0405	0.0188	0.517	0.304	0.463	4
Soda Stereo (Remastered)	3i4nU0OIi7gMmXDEhG9ZRt	1984-02-06	album	Por Qué No Puedo Ser Del Jet Set? - Remasterizado 2007	2JD91cpdSGoNh9K50GmByg	140346	178.183	7	1	0.63	0.973	-3.356	0.135	0.0974	0.391	0.288	0.968	4
Soda Stereo (Remastered)	3i4nU0OIi7gMmXDEhG9ZRt	1984-02-06	album	Sobredosis de T.V. - Remasterizado 2007	0aUATjSSGs7kJ7DK3J8x99	249053	124.72	11	1	0.764	0.797	-3.691	0.0336	0.0313	0.327	0.0554	0.894	4
Soda Stereo (Remastered)	3i4nU0OIi7gMmXDEhG9ZRt	1984-02-06	album	Te Hacen Falta Vitaminas - Remasterizado 2007	3caBCFURBMGqZYrZUc7j8s	158293	186.296	2	1	0.582	0.966	-3.712	0.0675	0.0516	0.231	0.0412	0.948	4
Soda Stereo (Remastered)	3i4nU0OIi7gMmXDEhG9ZRt	1984-02-06	album	Trátame Suavemente - Remasterizado 2007	65DBZofI0b79kfHTcWWDuU	200800	122.858	11	0	0.738	0.8	-3.366	0.0283	0.043	0.0543	0.595	0.532	4
Soda Stereo (Remastered)	3i4nU0OIi7gMmXDEhG9ZRt	1984-02-06	album	Dietético - Remasterizado 2007	4bvkroEWwjF8O1tcLAACUj	226733	127.524	7	1	0.746	0.901	-4.121	0.0512	0.0758	0.019	0.0699	0.734	4
Soda Stereo (Remastered)	3i4nU0OIi7gMmXDEhG9ZRt	1984-02-06	album	Tele-Ka - Remasterizado 2007	5ZDMWyxvoEEi5ofWUjf0NL	145386	171.567	11	0	0.599	0.945	-4.267	0.0708	0.02	0.24	0.0853	0.912	4
Soda Stereo (Remastered)	3i4nU0OIi7gMmXDEhG9ZRt	1984-02-06	album	Ni Un Segundo - Remasterizado 2007	5uwyngLJd6sTOYRic4tH8x	207240	91.573	0	1	0.7	0.875	-6.094	0.0363	0.0919	0.422	0.103	0.942	4
Soda Stereo (Remastered)	3i4nU0OIi7gMmXDEhG9ZRt	1984-02-06	album	Un Misil En Mi Placard - Remasterizado 2007	1mbP3zBMzI3sko7CgdPnnB	187280	125.06	4	1	0.811	0.824	-5.732	0.0301	0.038	0.73	0.202	0.822	4
Soda Stereo (Remastered)	3i4nU0OIi7gMmXDEhG9ZRt	1984-02-06	album	El Tiempo Es Dinero - Remasterizado 2007	001YQlnDSduXd5LgBd66gT	177266	183.571	2	1	0.554	0.921	-4.589	0.0758	0.0194	0.0881	0.329	0.7	1
Soda Stereo (Remastered)	3i4nU0OIi7gMmXDEhG9ZRt	1984-02-06	album	Afrodisíacos - Remasterizado 2007	11DDUdeL5QwBXVqeyb1fOa	263880	129.857	1	0	0.79	0.902	-5.652	0.0754	0.0135	0.28	0.0699	0.638	4
Soda Stereo (Remastered)	3i4nU0OIi7gMmXDEhG9ZRt	1984-02-06	album	Mi Novia Tiene Bíceps - Remasterizado 2007	7kRhtWodPO1Oi0UVuj7Dob	145533	184.531	6	0	0.532	0.976	-5.413	0.0922	0.096	0.00386	0.368	0.895	4
